{"licenses": [{"id": 0, "name": "", "url": ""}], "info": {"description": "Combined COCO Dataset", "url": "", "version": "1.0", "year": 2021, "contributor": "", "date_created": "2024-04-25"}, "categories": [{"id": 0, "name": "boat"}], "images": [{"id": 1, "width": 1280, "height": 720, "file_name": "2021-10-11 09-50-00.jpg", "license": 0, "flickr_url": "", "coco_url": "", "date_captured": 0}, {"id": 2, "width": 1280, "height": 720, "file_name": "2021-10-11 10-35-00.jpg", "license": 0, "flickr_url": "", "coco_url": "", "date_captured": 0}, {"id": 3, "width": 1280, "height": 720, "file_name": "2021-10-11 11-25-00.jpg", "license": 0, "flickr_url": "", "coco_url": "", "date_captured": 0}, {"id": 4, "width": 1280, "height": 720, "file_name": "2021-10-11 16-40-00.jpg", "license": 0, "flickr_url": "", "coco_url": "", "date_captured": 0}, {"id": 5, "width": 1280, "height": 720, "file_name": "2021-10-11 19-40-00.jpg", "license": 0, "flickr_url": "", "coco_url": "", "date_captured": 0}, {"id": 6, "width": 1280, "height": 720, "file_name": "2021-10-11 20-00-00.jpg", "license": 0, "flickr_url": "", "coco_url": "", "date_captured": 0}, {"id": 7, "width": 1280, "height": 720, "file_name": "2021-10-11 20-40-00.jpg", "license": 0, "flickr_url": "", "coco_url": "", "date_captured": 0}, {"id": 8, "width": 1280, "height": 720, "file_name": "2021-10-11 21-30-00.jpg", "license": 0, "flickr_url": "", "coco_url": "", "date_captured": 0}, {"id": 9, "width": 1280, "height": 720, "file_name": "2021-10-11 22-05-00.jpg", "license": 0, "flickr_url": "", "coco_url": "", "date_captured": 0}, {"id": 10, "width": 1280, "height": 720, "file_name": "2021-10-11 22-25-00.jpg", "license": 0, "flickr_url": "", "coco_url": "", "date_captured": 0}, {"id": 11, "width": 1280, "height": 720, "file_name": "2021-10-11 22-40-00.jpg", "license": 0, "flickr_url": "", "coco_url": "", "date_captured": 0}, {"id": 12, "width": 1280, "height": 720, "file_name": "2021-10-11 23-10-00.jpg", "license": 0, "flickr_url": "", "coco_url": "", "date_captured": 0}, {"id": 13, "width": 1280, "height": 720, "file_name": "2021-10-12 00-00-00.jpg", "license": 0, "flickr_url": "", "coco_url": "", "date_captured": 0}, {"id": 14, "width": 1280, "height": 720, "file_name": "2021-10-12 01-55-00.jpg", "license": 0, "flickr_url": "", "coco_url": "", "date_captured": 0}, {"id": 15, "width": 1280, "height": 720, "file_name": "2021-10-12 02-00-00.jpg", "license": 0, "flickr_url": "", "coco_url": "", "date_captured": 0}, {"id": 16, "width": 1280, "height": 720, "file_name": "2021-10-12 02-20-00.jpg", "license": 0, "flickr_url": "", "coco_url": "", "date_captured": 0}, {"id": 17, "width": 1280, "height": 720, "file_name": "2021-10-12 03-00-00.jpg", "license": 0, "flickr_url": "", "coco_url": "", "date_captured": 0}, {"id": 18, "width": 1280, "height": 720, "file_name": "2021-10-12 03-30-00.jpg", "license": 0, "flickr_url": "", "coco_url": "", "date_captured": 0}, {"id": 19, "width": 1280, "height": 720, "file_name": "2021-10-12 03-55-00.jpg", "license": 0, "flickr_url": "", "coco_url": "", "date_captured": 0}, {"id": 20, "width": 1280, "height": 720, "file_name": "2021-10-12 04-00-00.jpg", "license": 0, "flickr_url": "", "coco_url": "", "date_captured": 0}, {"id": 21, "width": 1280, "height": 720, "file_name": "2021-10-12 05-50-00.jpg", "license": 0, "flickr_url": "", "coco_url": "", "date_captured": 0}, {"id": 22, "width": 1280, "height": 720, "file_name": "2021-10-12 06-05-00.jpg", "license": 0, "flickr_url": "", "coco_url": "", "date_captured": 0}, {"id": 23, "width": 1280, "height": 720, "file_name": "2021-10-12 11-35-00.jpg", "license": 0, "flickr_url": "", "coco_url": "", "date_captured": 0}, {"id": 24, "width": 1280, "height": 720, "file_name": "2021-10-12 12-50-00.jpg", "license": 0, "flickr_url": "", "coco_url": "", "date_captured": 0}, {"id": 25, "width": 1280, "height": 720, "file_name": "2021-10-12 15-25-00.jpg", "license": 0, "flickr_url": "", "coco_url": "", "date_captured": 0}, {"id": 26, "width": 1280, "height": 720, "file_name": "2021-10-12 20-05-00.jpg", "license": 0, "flickr_url": "", "coco_url": "", "date_captured": 0}, {"id": 27, "width": 1280, "height": 720, "file_name": "2021-10-12 21-15-00.jpg", "license": 0, "flickr_url": "", "coco_url": "", "date_captured": 0}, {"id": 28, "width": 1280, "height": 720, "file_name": "2021-10-12 22-45-00.jpg", "license": 0, "flickr_url": "", "coco_url": "", "date_captured": 0}, {"id": 29, "width": 1280, "height": 720, "file_name": "2021-10-12 23-50-00.jpg", "license": 0, "flickr_url": "", "coco_url": "", "date_captured": 0}, {"id": 30, "width": 1280, "height": 720, "file_name": "2021-10-13 00-20-00.jpg", "license": 0, "flickr_url": "", "coco_url": "", "date_captured": 0}, {"id": 31, "width": 1280, "height": 720, "file_name": "2021-10-13 01-25-00.jpg", "license": 0, "flickr_url": "", "coco_url": "", "date_captured": 0}, {"id": 32, "width": 1280, "height": 720, "file_name": "2021-10-13 01-45-00.jpg", "license": 0, "flickr_url": "", "coco_url": "", "date_captured": 0}, {"id": 33, "width": 1280, "height": 720, "file_name": "2021-10-13 02-55-00.jpg", "license": 0, "flickr_url": "", "coco_url": "", "date_captured": 0}, {"id": 34, "width": 1280, "height": 720, "file_name": "2021-10-13 04-10-00.jpg", "license": 0, "flickr_url": "", "coco_url": "", "date_captured": 0}, {"id": 35, "width": 1280, "height": 720, "file_name": "2021-10-13 04-20-00.jpg", "license": 0, "flickr_url": "", "coco_url": "", "date_captured": 0}, {"id": 36, "width": 1280, "height": 720, "file_name": "2021-10-13 05-40-00.jpg", "license": 0, "flickr_url": "", "coco_url": "", "date_captured": 0}, {"id": 37, "width": 1280, "height": 720, "file_name": "2021-10-13 06-00-00.jpg", "license": 0, "flickr_url": "", "coco_url": "", "date_captured": 0}, {"id": 38, "width": 1280, "height": 720, "file_name": "2021-10-13 06-05-00.jpg", "license": 0, "flickr_url": "", "coco_url": "", "date_captured": 0}, {"id": 39, "width": 1280, "height": 720, "file_name": "2021-10-13 08-35-00.jpg", "license": 0, "flickr_url": "", "coco_url": "", "date_captured": 0}, {"id": 40, "width": 1280, "height": 720, "file_name": "2021-10-13 08-45-00.jpg", "license": 0, "flickr_url": "", "coco_url": "", "date_captured": 0}, {"id": 41, "width": 1280, "height": 720, "file_name": "2021-10-08 20-15-00.jpg", "license": 0, "flickr_url": "", "coco_url": "", "date_captured": 0}, {"id": 42, "width": 1280, "height": 720, "file_name": "2021-10-08 20-25-00.jpg", "license": 0, "flickr_url": "", "coco_url": "", "date_captured": 0}, {"id": 43, "width": 1280, "height": 720, "file_name": "2021-10-08 20-35-00.jpg", "license": 0, "flickr_url": "", "coco_url": "", "date_captured": 0}, {"id": 44, "width": 1280, "height": 720, "file_name": "2021-10-08 20-50-00.jpg", "license": 0, "flickr_url": "", "coco_url": "", "date_captured": 0}, {"id": 45, "width": 1280, "height": 720, "file_name": "2021-10-08 21-10-00.jpg", "license": 0, "flickr_url": "", "coco_url": "", "date_captured": 0}, {"id": 46, "width": 1280, "height": 720, "file_name": "2021-10-08 21-15-00.jpg", "license": 0, "flickr_url": "", "coco_url": "", "date_captured": 0}, {"id": 47, "width": 1280, "height": 720, "file_name": "2021-10-08 22-05-00.jpg", "license": 0, "flickr_url": "", "coco_url": "", "date_captured": 0}, {"id": 48, "width": 1280, "height": 720, "file_name": "2021-10-08 22-25-00.jpg", "license": 0, "flickr_url": "", "coco_url": "", "date_captured": 0}, {"id": 49, "width": 1280, "height": 720, "file_name": "2021-10-08 23-35-00.jpg", "license": 0, "flickr_url": "", "coco_url": "", "date_captured": 0}, {"id": 50, "width": 1280, "height": 720, "file_name": "2021-10-08 23-55-00.jpg", "license": 0, "flickr_url": "", "coco_url": "", "date_captured": 0}, {"id": 51, "width": 1280, "height": 720, "file_name": "2021-10-09 00-00-00.jpg", "license": 0, "flickr_url": "", "coco_url": "", "date_captured": 0}, {"id": 52, "width": 1280, "height": 720, "file_name": "2021-10-09 00-05-00.jpg", "license": 0, "flickr_url": "", "coco_url": "", "date_captured": 0}, {"id": 53, "width": 1280, "height": 720, "file_name": "2021-10-09 00-30-00.jpg", "license": 0, "flickr_url": "", "coco_url": "", "date_captured": 0}, {"id": 54, "width": 1280, "height": 720, "file_name": "2021-10-09 00-40-00.jpg", "license": 0, "flickr_url": "", "coco_url": "", "date_captured": 0}, {"id": 55, "width": 1280, "height": 720, "file_name": "2021-10-09 00-55-00.jpg", "license": 0, "flickr_url": "", "coco_url": "", "date_captured": 0}, {"id": 56, "width": 1280, "height": 720, "file_name": "2021-10-09 01-05-00.jpg", "license": 0, "flickr_url": "", "coco_url": "", "date_captured": 0}, {"id": 57, "width": 1280, "height": 720, "file_name": "2021-10-09 01-50-00.jpg", "license": 0, "flickr_url": "", "coco_url": "", "date_captured": 0}, {"id": 58, "width": 1280, "height": 720, "file_name": "2021-10-09 02-15-00.jpg", "license": 0, "flickr_url": "", "coco_url": "", "date_captured": 0}, {"id": 59, "width": 1280, "height": 720, "file_name": "2021-10-09 02-20-00.jpg", "license": 0, "flickr_url": "", "coco_url": "", "date_captured": 0}, {"id": 60, "width": 1280, "height": 720, "file_name": "2021-10-09 02-25-00.jpg", "license": 0, "flickr_url": "", "coco_url": "", "date_captured": 0}, {"id": 61, "width": 1280, "height": 720, "file_name": "2021-10-09 02-35-00.jpg", "license": 0, "flickr_url": "", "coco_url": "", "date_captured": 0}, {"id": 62, "width": 1280, "height": 720, "file_name": "2021-10-09 02-50-00.jpg", "license": 0, "flickr_url": "", "coco_url": "", "date_captured": 0}, {"id": 63, "width": 1280, "height": 720, "file_name": "2021-10-09 03-10-00.jpg", "license": 0, "flickr_url": "", "coco_url": "", "date_captured": 0}, {"id": 64, "width": 1280, "height": 720, "file_name": "2021-10-09 03-40-00.jpg", "license": 0, "flickr_url": "", "coco_url": "", "date_captured": 0}, {"id": 65, "width": 1280, "height": 720, "file_name": "2021-10-09 03-45-00.jpg", "license": 0, "flickr_url": "", "coco_url": "", "date_captured": 0}, {"id": 66, "width": 1280, "height": 720, "file_name": "2021-10-09 05-30-00.jpg", "license": 0, "flickr_url": "", "coco_url": "", "date_captured": 0}, {"id": 67, "width": 1280, "height": 720, "file_name": "2021-10-09 06-55-00.jpg", "license": 0, "flickr_url": "", "coco_url": "", "date_captured": 0}, {"id": 68, "width": 1280, "height": 720, "file_name": "2021-10-09 07-45-00.jpg", "license": 0, "flickr_url": "", "coco_url": "", "date_captured": 0}, {"id": 69, "width": 1280, "height": 720, "file_name": "2021-10-09 08-00-00.jpg", "license": 0, "flickr_url": "", "coco_url": "", "date_captured": 0}, {"id": 70, "width": 1280, "height": 720, "file_name": "2021-10-09 09-15-00.jpg", "license": 0, "flickr_url": "", "coco_url": "", "date_captured": 0}, {"id": 71, "width": 1280, "height": 720, "file_name": "2021-10-09 12-10-00.jpg", "license": 0, "flickr_url": "", "coco_url": "", "date_captured": 0}, {"id": 72, "width": 1280, "height": 720, "file_name": "2021-10-09 12-20-00.jpg", "license": 0, "flickr_url": "", "coco_url": "", "date_captured": 0}, {"id": 73, "width": 1280, "height": 720, "file_name": "2021-10-09 14-45-00.jpg", "license": 0, "flickr_url": "", "coco_url": "", "date_captured": 0}, {"id": 74, "width": 1280, "height": 720, "file_name": "2021-10-09 16-45-00.jpg", "license": 0, "flickr_url": "", "coco_url": "", "date_captured": 0}, {"id": 75, "width": 1280, "height": 720, "file_name": "2021-10-09 19-50-00.jpg", "license": 0, "flickr_url": "", "coco_url": "", "date_captured": 0}, {"id": 76, "width": 1280, "height": 720, "file_name": "2021-10-09 20-30-00.jpg", "license": 0, "flickr_url": "", "coco_url": "", "date_captured": 0}, {"id": 77, "width": 1280, "height": 720, "file_name": "2021-10-09 22-10-00.jpg", "license": 0, "flickr_url": "", "coco_url": "", "date_captured": 0}, {"id": 78, "width": 1280, "height": 720, "file_name": "2021-10-09 23-05-00.jpg", "license": 0, "flickr_url": "", "coco_url": "", "date_captured": 0}, {"id": 79, "width": 1280, "height": 720, "file_name": "2021-10-10 00-20-00.jpg", "license": 0, "flickr_url": "", "coco_url": "", "date_captured": 0}, {"id": 80, "width": 1280, "height": 720, "file_name": "2021-10-10 01-05-00.jpg", "license": 0, "flickr_url": "", "coco_url": "", "date_captured": 0}, {"id": 81, "width": 1280, "height": 720, "file_name": "2021-10-10 01-10-00.jpg", "license": 0, "flickr_url": "", "coco_url": "", "date_captured": 0}, {"id": 82, "width": 1280, "height": 720, "file_name": "2021-10-10 02-15-00.jpg", "license": 0, "flickr_url": "", "coco_url": "", "date_captured": 0}, {"id": 83, "width": 1280, "height": 720, "file_name": "2021-10-10 02-45-00.jpg", "license": 0, "flickr_url": "", "coco_url": "", "date_captured": 0}, {"id": 84, "width": 1280, "height": 720, "file_name": "2021-10-10 03-30-00.jpg", "license": 0, "flickr_url": "", "coco_url": "", "date_captured": 0}, {"id": 85, "width": 1280, "height": 720, "file_name": "2021-10-10 04-45-00.jpg", "license": 0, "flickr_url": "", "coco_url": "", "date_captured": 0}, {"id": 86, "width": 1280, "height": 720, "file_name": "2021-10-10 05-35-00.jpg", "license": 0, "flickr_url": "", "coco_url": "", "date_captured": 0}, {"id": 87, "width": 1280, "height": 720, "file_name": "2021-10-10 06-25-00.jpg", "license": 0, "flickr_url": "", "coco_url": "", "date_captured": 0}, {"id": 88, "width": 1280, "height": 720, "file_name": "2021-10-10 12-05-00.jpg", "license": 0, "flickr_url": "", "coco_url": "", "date_captured": 0}, {"id": 89, "width": 1280, "height": 720, "file_name": "2021-10-10 20-15-00.jpg", "license": 0, "flickr_url": "", "coco_url": "", "date_captured": 0}, {"id": 90, "width": 1280, "height": 720, "file_name": "2021-10-10 20-45-00.jpg", "license": 0, "flickr_url": "", "coco_url": "", "date_captured": 0}, {"id": 91, "width": 1280, "height": 720, "file_name": "2021-10-10 21-45-00.jpg", "license": 0, "flickr_url": "", "coco_url": "", "date_captured": 0}, {"id": 92, "width": 1280, "height": 720, "file_name": "2021-10-10 22-15-00.jpg", "license": 0, "flickr_url": "", "coco_url": "", "date_captured": 0}, {"id": 93, "width": 1280, "height": 720, "file_name": "2021-10-10 22-40-00.jpg", "license": 0, "flickr_url": "", "coco_url": "", "date_captured": 0}, {"id": 94, "width": 1280, "height": 720, "file_name": "2021-10-10 23-15-00.jpg", "license": 0, "flickr_url": "", "coco_url": "", "date_captured": 0}, {"id": 95, "width": 1280, "height": 720, "file_name": "2021-10-11 00-40-00.jpg", "license": 0, "flickr_url": "", "coco_url": "", "date_captured": 0}, {"id": 96, "width": 1280, "height": 720, "file_name": "2021-10-11 02-40-00.jpg", "license": 0, "flickr_url": "", "coco_url": "", "date_captured": 0}, {"id": 97, "width": 1280, "height": 720, "file_name": "2021-10-11 04-25-00.jpg", "license": 0, "flickr_url": "", "coco_url": "", "date_captured": 0}, {"id": 98, "width": 1280, "height": 720, "file_name": "2021-10-11 07-15-00.jpg", "license": 0, "flickr_url": "", "coco_url": "", "date_captured": 0}, {"id": 99, "width": 1280, "height": 720, "file_name": "2021-10-11 08-50-00.jpg", "license": 0, "flickr_url": "", "coco_url": "", "date_captured": 0}, {"id": 100, "width": 1280, "height": 720, "file_name": "2021-10-11 09-05-00.jpg", "license": 0, "flickr_url": "", "coco_url": "", "date_captured": 0}], "annotations": [{"id": 1, "image_id": 1, "category_id": 0, "segmentation": [], "area": 55917.963399999986, "bbox": [984.97, 2.18, 186.53, 299.78], "iscrowd": 0, "attributes": {"occluded": false, "rotation": 0.0}}, {"id": 2, "image_id": 1, "category_id": 0, "segmentation": [], "area": 98998.49699999997, "bbox": [79.93, 9.79, 198.9, 497.73], "iscrowd": 0, "attributes": {"occluded": false, "rotation": 0.0}}, {"id": 3, "image_id": 2, "category_id": 0, "segmentation": [], "area": 45418.11720000002, "bbox": [982.12, 2.18, 161.78, 280.74], "iscrowd": 0, "attributes": {"occluded": false, "rotation": 0.0}}, {"id": 4, "image_id": 2, "category_id": 0, "segmentation": [], "area": 103774.23479999999, "bbox": [29.49, 3.13, 206.52, 502.49], "iscrowd": 0, "attributes": {"occluded": false, "rotation": 0.0}}, {"id": 5, "image_id": 3, "category_id": 0, "segmentation": [], "area": 47869.331399999995, "bbox": [945.0, 3.13, 172.26, 277.89], "iscrowd": 0, "attributes": {"occluded": false, "rotation": 0.0}}, {"id": 6, "image_id": 3, "category_id": 0, "segmentation": [], "area": 77530.8939, "bbox": [1.9, 1.23, 156.07, 496.77], "iscrowd": 0, "attributes": {"occluded": false, "rotation": 0.0}}, {"id": 7, "image_id": 4, "category_id": 0, "segmentation": [], "area": 76518.7044, "bbox": [1.9, 2.18, 161.78, 472.98], "iscrowd": 0, "attributes": {"occluded": false, "rotation": 0.0}}, {"id": 8, "image_id": 4, "category_id": 0, "segmentation": [], "area": 31286.445, "bbox": [939.29, 0.0, 113.25, 276.26], "iscrowd": 0, "attributes": {"occluded": false, "rotation": 0.0}}, {"id": 9, "image_id": 5, "category_id": 0, "segmentation": [], "area": 106908.192, "bbox": [83.74, 0.28, 219.84, 486.3], "iscrowd": 0, "attributes": {"occluded": false, "rotation": 0.0}}, {"id": 10, "image_id": 5, "category_id": 0, "segmentation": [], "area": 50493.896400000005, "bbox": [942.15, 1.23, 179.86, 280.74], "iscrowd": 0, "attributes": {"occluded": false, "rotation": 0.0}}, {"id": 11, "image_id": 6, "category_id": 0, "segmentation": [], "area": 88968.98270000002, "bbox": [85.64, 0.0, 177.97, 499.91], "iscrowd": 0, "attributes": {"occluded": false, "rotation": 0.0}}, {"id": 12, "image_id": 6, "category_id": 0, "segmentation": [], "area": 57982.92779999997, "bbox": [964.99, 1.23, 209.37, 276.94], "iscrowd": 0, "attributes": {"occluded": false, "rotation": 0.0}}, {"id": 13, "image_id": 7, "category_id": 0, "segmentation": [], "area": 75754.497, "bbox": [0.0, 1.23, 166.53, 454.9], "iscrowd": 0, "attributes": {"occluded": false, "rotation": 0.0}}, {"id": 14, "image_id": 7, "category_id": 0, "segmentation": [], "area": 44051.14320000001, "bbox": [978.31, 4.08, 157.98, 278.84], "iscrowd": 0, "attributes": {"occluded": false, "rotation": 0.0}}, {"id": 15, "image_id": 8, "category_id": 0, "segmentation": [], "area": 48525.75930000003, "bbox": [1031.61, 3.13, 178.91, 271.23], "iscrowd": 0, "attributes": {"occluded": false, "rotation": 0.0}}, {"id": 16, "image_id": 8, "category_id": 0, "segmentation": [], "area": 128650.82999999999, "bbox": [92.3, 3.13, 253.15, 508.2], "iscrowd": 0, "attributes": {"occluded": false, "rotation": 0.0}}, {"id": 17, "image_id": 9, "category_id": 0, "segmentation": [], "area": 102635.5941, "bbox": [234.1, 0.0, 222.69, 460.89], "iscrowd": 0, "attributes": {"occluded": false, "rotation": 0.0}}, {"id": 18, "image_id": 9, "category_id": 0, "segmentation": [], "area": 46655.179199999955, "bbox": [1030.65, 3.13, 178.92, 260.76], "iscrowd": 0, "attributes": {"occluded": false, "rotation": 0.0}}, {"id": 19, "image_id": 10, "category_id": 0, "segmentation": [], "area": 167473.44989999998, "bbox": [300.72, 2.18, 390.19, 429.21], "iscrowd": 0, "attributes": {"occluded": false, "rotation": 0.0}}, {"id": 20, "image_id": 10, "category_id": 0, "segmentation": [], "area": 55816.16040000005, "bbox": [1036.36, 1.23, 206.52, 270.27], "iscrowd": 0, "attributes": {"occluded": false, "rotation": 0.0}}, {"id": 21, "image_id": 11, "category_id": 0, "segmentation": [], "area": 101258.304, "bbox": [419.68, 3.13, 230.3, 439.68], "iscrowd": 0, "attributes": {"occluded": false, "rotation": 0.0}}, {"id": 22, "image_id": 11, "category_id": 0, "segmentation": [], "area": 46162.49820000003, "bbox": [1081.09, 3.13, 175.11, 263.62], "iscrowd": 0, "attributes": {"occluded": false, "rotation": 0.0}}, {"id": 23, "image_id": 12, "category_id": 0, "segmentation": [], "area": 46304.902400000006, "bbox": [1069.67, 0.0, 182.72, 253.42], "iscrowd": 0, "attributes": {"occluded": false, "rotation": 0.0}}, {"id": 24, "image_id": 12, "category_id": 0, "segmentation": [], "area": 109200.80299999999, "bbox": [555.77, 1.23, 317.86, 343.55], "iscrowd": 0, "attributes": {"occluded": false, "rotation": 0.0}}, {"id": 25, "image_id": 13, "category_id": 0, "segmentation": [], "area": 40720.04340000002, "bbox": [947.86, 1.23, 152.27, 267.42], "iscrowd": 0, "attributes": {"occluded": false, "rotation": 0.0}}, {"id": 26, "image_id": 13, "category_id": 0, "segmentation": [], "area": 82164.61600000001, "bbox": [66.61, 2.18, 179.87, 456.8], "iscrowd": 0, "attributes": {"occluded": false, "rotation": 0.0}}, {"id": 27, "image_id": 14, "category_id": 0, "segmentation": [], "area": 92456.1487, "bbox": [574.8, 1.23, 344.51, 268.37], "iscrowd": 0, "attributes": {"occluded": false, "rotation": 0.0}}, {"id": 28, "image_id": 14, "category_id": 0, "segmentation": [], "area": 37616.5791, "bbox": [1044.93, 1.23, 167.49, 224.59], "iscrowd": 0, "attributes": {"occluded": false, "rotation": 0.0}}, {"id": 29, "image_id": 15, "category_id": 0, "segmentation": [], "area": 42144.300000000025, "bbox": [1062.06, 0.0, 174.15, 242.0], "iscrowd": 0, "attributes": {"occluded": false, "rotation": 0.0}}, {"id": 30, "image_id": 15, "category_id": 0, "segmentation": [], "area": 82755.21080000003, "bbox": [552.91, 0.28, 276.94, 298.82], "iscrowd": 0, "attributes": {"occluded": false, "rotation": 0.0}}, {"id": 31, "image_id": 16, "category_id": 0, "segmentation": [], "area": 48002.3544, "bbox": [1004.01, 0.0, 196.04, 244.86], "iscrowd": 0, "attributes": {"occluded": false, "rotation": 0.0}}, {"id": 32, "image_id": 16, "category_id": 0, "segmentation": [], "area": 102469.6282, "bbox": [315.0, 0.28, 271.22, 377.81], "iscrowd": 0, "attributes": {"occluded": false, "rotation": 0.0}}, {"id": 33, "image_id": 17, "category_id": 0, "segmentation": [], "area": 82724.675, "bbox": [0.0, 3.13, 207.46, 398.75], "iscrowd": 0, "attributes": {"occluded": false, "rotation": 0.0}}, {"id": 34, "image_id": 17, "category_id": 0, "segmentation": [], "area": 22461.071699999993, "bbox": [943.1, 5.04, 95.17, 236.01], "iscrowd": 0, "attributes": {"occluded": false, "rotation": 0.0}}, {"id": 35, "image_id": 18, "category_id": 0, "segmentation": [], "area": 28039.526000000013, "bbox": [978.31, 5.04, 114.2, 245.53], "iscrowd": 0, "attributes": {"occluded": false, "rotation": 0.0}}, {"id": 36, "image_id": 18, "category_id": 0, "segmentation": [], "area": 79418.9054, "bbox": [0.94, 5.04, 176.06, 451.09], "iscrowd": 0, "attributes": {"occluded": false, "rotation": 0.0}}, {"id": 37, "image_id": 19, "category_id": 0, "segmentation": [], "area": 42474.53999999997, "bbox": [1025.9, 0.18, 164.63, 258.0], "iscrowd": 0, "attributes": {"occluded": false, "rotation": 0.0}}, {"id": 38, "image_id": 19, "category_id": 0, "segmentation": [], "area": 122225.202, "bbox": [76.13, 0.28, 266.46, 458.7], "iscrowd": 0, "attributes": {"occluded": false, "rotation": 0.0}}, {"id": 39, "image_id": 20, "category_id": 0, "segmentation": [], "area": 99880.9188, "bbox": [0.94, 0.0, 222.69, 448.52], "iscrowd": 0, "attributes": {"occluded": false, "rotation": 0.0}}, {"id": 40, "image_id": 20, "category_id": 0, "segmentation": [], "area": 45493.57800000001, "bbox": [977.36, 0.28, 175.11, 259.8], "iscrowd": 0, "attributes": {"occluded": false, "rotation": 0.0}}, {"id": 41, "image_id": 21, "category_id": 0, "segmentation": [], "area": 42306.6325, "bbox": [1.14, 1.4, 101.75, 415.79], "iscrowd": 0, "attributes": {"occluded": false, "rotation": 0.0}}, {"id": 42, "image_id": 21, "category_id": 0, "segmentation": [], "area": 25174.895399999972, "bbox": [968.21, 0.38, 94.86, 265.39], "iscrowd": 0, "attributes": {"occluded": false, "rotation": 0.0}}, {"id": 43, "image_id": 22, "category_id": 0, "segmentation": [], "area": 42868.99619999999, "bbox": [974.53, 0.0, 160.54, 267.03], "iscrowd": 0, "attributes": {"occluded": false, "rotation": 0.0}}, {"id": 44, "image_id": 22, "category_id": 0, "segmentation": [], "area": 93217.6334, "bbox": [1.89, 2.9, 192.13, 485.18], "iscrowd": 0, "attributes": {"occluded": false, "rotation": 0.0}}, {"id": 45, "image_id": 22, "category_id": 0, "segmentation": [], "area": 1595.7373999999998, "bbox": [1147.45, 144.25, 50.53, 31.58], "iscrowd": 0, "attributes": {"occluded": false, "rotation": 0.0}}, {"id": 46, "image_id": 23, "category_id": 0, "segmentation": [], "area": 104558.466, "bbox": [182.95, 1.78, 212.82, 491.3], "iscrowd": 0, "attributes": {"occluded": false, "rotation": 0.0}}, {"id": 47, "image_id": 23, "category_id": 0, "segmentation": [], "area": 57795.739200000025, "bbox": [1017.67, 1.78, 207.54, 278.48], "iscrowd": 0, "attributes": {"occluded": false, "rotation": 0.0}}, {"id": 48, "image_id": 24, "category_id": 0, "segmentation": [], "area": 144581.43680000002, "bbox": [2.88, 1.78, 296.48, 487.66], "iscrowd": 0, "attributes": {"occluded": false, "rotation": 0.0}}, {"id": 49, "image_id": 24, "category_id": 0, "segmentation": [], "area": 39740.412800000035, "bbox": [1023.12, 1.78, 147.52, 269.39], "iscrowd": 0, "attributes": {"occluded": false, "rotation": 0.0}}, {"id": 50, "image_id": 25, "category_id": 0, "segmentation": [], "area": 102320.28780000002, "bbox": [364.66, 1.78, 240.29, 425.82], "iscrowd": 0, "attributes": {"occluded": false, "rotation": 0.0}}, {"id": 51, "image_id": 25, "category_id": 0, "segmentation": [], "area": 56777.011199999964, "bbox": [1024.94, 0.0, 216.64, 262.08], "iscrowd": 0, "attributes": {"occluded": false, "rotation": 0.0}}, {"id": 52, "image_id": 26, "category_id": 0, "segmentation": [], "area": 110908.944, "bbox": [546.56, 0.0, 334.87, 331.2], "iscrowd": 0, "attributes": {"occluded": false, "rotation": 0.0}}, {"id": 53, "image_id": 26, "category_id": 0, "segmentation": [], "area": 46193.16800000002, "bbox": [1035.86, 1.78, 183.89, 251.2], "iscrowd": 0, "attributes": {"occluded": false, "rotation": 0.0}}, {"id": 54, "image_id": 27, "category_id": 0, "segmentation": [], "area": 92359.22430000002, "bbox": [341.02, 1.78, 192.99, 478.57], "iscrowd": 0, "attributes": {"occluded": false, "rotation": 0.0}}, {"id": 55, "image_id": 27, "category_id": 0, "segmentation": [], "area": 55036.19869999999, "bbox": [1072.23, 0.0, 200.27, 274.81], "iscrowd": 0, "attributes": {"occluded": false, "rotation": 0.0}}, {"id": 56, "image_id": 28, "category_id": 0, "segmentation": [], "area": 134651.9349, "bbox": [466.52, 1.78, 305.77, 440.37], "iscrowd": 0, "attributes": {"occluded": false, "rotation": 0.0}}, {"id": 57, "image_id": 28, "category_id": 0, "segmentation": [], "area": 52117.51929999998, "bbox": [1066.78, 0.0, 194.81, 267.53], "iscrowd": 0, "attributes": {"occluded": false, "rotation": 0.0}}, {"id": 58, "image_id": 29, "category_id": 0, "segmentation": [], "area": 177742.08000000002, "bbox": [408.32, 0.0, 444.0, 400.32], "iscrowd": 0, "attributes": {"occluded": false, "rotation": 0.0}}, {"id": 59, "image_id": 29, "category_id": 0, "segmentation": [], "area": 54287.450800000006, "bbox": [1061.32, 0.0, 205.72, 263.89], "iscrowd": 0, "attributes": {"occluded": false, "rotation": 0.0}}, {"id": 60, "image_id": 30, "category_id": 0, "segmentation": [], "area": 97326.3492, "bbox": [270.08, 0.0, 214.82, 453.06], "iscrowd": 0, "attributes": {"occluded": false, "rotation": 0.0}}, {"id": 61, "image_id": 30, "category_id": 0, "segmentation": [], "area": 43163.3375, "bbox": [1084.97, 0.0, 160.25, 269.35], "iscrowd": 0, "attributes": {"occluded": false, "rotation": 0.0}}, {"id": 62, "image_id": 31, "category_id": 0, "segmentation": [], "area": 110890.17500000003, "bbox": [339.2, 0.0, 245.74, 451.25], "iscrowd": 0, "attributes": {"occluded": false, "rotation": 0.0}}, {"id": 63, "image_id": 31, "category_id": 0, "segmentation": [], "area": 48199.40789999997, "bbox": [1083.15, 1.78, 183.89, 262.11], "iscrowd": 0, "attributes": {"occluded": false, "rotation": 0.0}}, {"id": 64, "image_id": 32, "category_id": 0, "segmentation": [], "area": 29014.900499999996, "bbox": [44.53, 116.38, 227.55, 127.51], "iscrowd": 0, "attributes": {"occluded": false, "rotation": 0.0}}, {"id": 65, "image_id": 32, "category_id": 0, "segmentation": [], "area": 160628.94600000003, "bbox": [370.12, 0.0, 445.82, 360.3], "iscrowd": 0, "attributes": {"occluded": false, "rotation": 0.0}}, {"id": 66, "image_id": 32, "category_id": 0, "segmentation": [], "area": 51860.33579999998, "bbox": [1057.68, 0.0, 202.09, 256.62], "iscrowd": 0, "attributes": {"occluded": false, "rotation": 0.0}}, {"id": 67, "image_id": 33, "category_id": 0, "segmentation": [], "area": 127592.26629999999, "bbox": [519.27, 0.0, 407.63, 313.01], "iscrowd": 0, "attributes": {"occluded": false, "rotation": 0.0}}, {"id": 68, "image_id": 33, "category_id": 0, "segmentation": [], "area": 50575.25200000001, "bbox": [1081.51, 0.0, 198.49, 254.8], "iscrowd": 0, "attributes": {"occluded": false, "rotation": 0.0}}, {"id": 69, "image_id": 34, "category_id": 0, "segmentation": [], "area": 11256.247800000001, "bbox": [473.98, 136.39, 192.81, 58.38], "iscrowd": 0, "attributes": {"occluded": false, "rotation": 0.0}}, {"id": 70, "image_id": 34, "category_id": 0, "segmentation": [], "area": 93970.62180000001, "bbox": [648.42, 0.0, 298.49, 314.82], "iscrowd": 0, "attributes": {"occluded": false, "rotation": 0.0}}, {"id": 71, "image_id": 34, "category_id": 0, "segmentation": [], "area": 44954.81970000001, "bbox": [1079.51, 0.0, 185.71, 242.07], "iscrowd": 0, "attributes": {"occluded": false, "rotation": 0.0}}, {"id": 72, "image_id": 35, "category_id": 0, "segmentation": [], "area": 96835.19300000001, "bbox": [632.05, 0.0, 314.86, 307.55], "iscrowd": 0, "attributes": {"occluded": false, "rotation": 0.0}}, {"id": 73, "image_id": 35, "category_id": 0, "segmentation": [], "area": 41677.56399999999, "bbox": [1057.68, 0.0, 174.8, 238.43], "iscrowd": 0, "attributes": {"occluded": false, "rotation": 0.0}}, {"id": 74, "image_id": 36, "category_id": 0, "segmentation": [], "area": 69597.91020000001, "bbox": [661.15, 0.0, 271.21, 256.62], "iscrowd": 0, "attributes": {"occluded": false, "rotation": 0.0}}, {"id": 75, "image_id": 36, "category_id": 0, "segmentation": [], "area": 19587.2612, "bbox": [1084.97, 0.0, 87.49, 223.88], "iscrowd": 0, "attributes": {"occluded": false, "rotation": 0.0}}, {"id": 76, "image_id": 36, "category_id": 0, "segmentation": [], "area": 771.9305999999997, "bbox": [451.25, 132.84, 42.09, 18.34], "iscrowd": 0, "attributes": {"occluded": false, "rotation": 0.0}}, {"id": 77, "image_id": 36, "category_id": 0, "segmentation": [], "area": 654.7865999999991, "bbox": [567.6, 126.75, 39.66, 16.51], "iscrowd": 0, "attributes": {"occluded": false, "rotation": 0.0}}, {"id": 78, "image_id": 37, "category_id": 0, "segmentation": [], "area": 45859.92569999999, "bbox": [653.94, 0.0, 181.89, 252.13], "iscrowd": 0, "attributes": {"occluded": false, "rotation": 0.0}}, {"id": 79, "image_id": 37, "category_id": 0, "segmentation": [], "area": 17171.81679999999, "bbox": [1063.2, 0.0, 78.31, 219.28], "iscrowd": 0, "attributes": {"occluded": false, "rotation": 0.0}}, {"id": 80, "image_id": 38, "category_id": 0, "segmentation": [], "area": 52613.28279999999, "bbox": [637.51, 0.0, 218.53, 240.76], "iscrowd": 0, "attributes": {"occluded": false, "rotation": 0.0}}, {"id": 81, "image_id": 38, "category_id": 0, "segmentation": [], "area": 31120.174799999953, "bbox": [1032.88, 0.0, 142.74, 218.02], "iscrowd": 0, "attributes": {"occluded": false, "rotation": 0.0}}, {"id": 82, "image_id": 39, "category_id": 0, "segmentation": [], "area": 44479.68, "bbox": [682.99, 0.0, 168.0, 264.76], "iscrowd": 0, "attributes": {"occluded": false, "rotation": 0.0}}, {"id": 83, "image_id": 39, "category_id": 0, "segmentation": [], "area": 21357.36279999999, "bbox": [1020.25, 0.0, 98.53, 216.76], "iscrowd": 0, "attributes": {"occluded": false, "rotation": 0.0}}, {"id": 84, "image_id": 40, "category_id": 0, "segmentation": [], "area": 69828.0, "bbox": [679.45, 0.0, 264.0, 264.5], "iscrowd": 0, "attributes": {"occluded": false, "rotation": 0.0}}, {"id": 85, "image_id": 40, "category_id": 0, "segmentation": [], "area": 29494.62810000002, "bbox": [1026.82, 0.0, 133.89, 220.29], "iscrowd": 0, "attributes": {"occluded": false, "rotation": 0.0}}, {"id": 86, "image_id": 41, "category_id": 0, "segmentation": [], "area": 26932.513800000008, "bbox": [875.9, 5.35, 117.21, 229.78], "iscrowd": 0, "attributes": {"occluded": false, "rotation": 0.0}}, {"id": 87, "image_id": 41, "category_id": 0, "segmentation": [], "area": 3802.6522000000073, "bbox": [821.93, 310.7, 60.14, 63.23], "iscrowd": 0, "attributes": {"occluded": false, "rotation": 0.0}}, {"id": 88, "image_id": 41, "category_id": 0, "segmentation": [], "area": 67929.75000000001, "bbox": [407.08, 0.0, 237.5, 286.02], "iscrowd": 0, "attributes": {"occluded": false, "rotation": 0.0}}, {"id": 89, "image_id": 41, "category_id": 0, "segmentation": [], "area": 2953.9416000000015, "bbox": [738.65, 309.16, 70.94, 41.64], "iscrowd": 0, "attributes": {"occluded": false, "rotation": 0.0}}, {"id": 90, "image_id": 42, "category_id": 0, "segmentation": [], "area": 60189.810900000004, "bbox": [447.18, 0.0, 208.19, 289.11], "iscrowd": 0, "attributes": {"occluded": false, "rotation": 0.0}}, {"id": 91, "image_id": 42, "category_id": 0, "segmentation": [], "area": 20405.995600000013, "bbox": [908.29, 0.72, 84.82, 240.58], "iscrowd": 0, "attributes": {"occluded": false, "rotation": 0.0}}, {"id": 92, "image_id": 42, "category_id": 0, "segmentation": [], "area": 3281.684399999999, "bbox": [800.34, 130.27, 106.41, 30.84], "iscrowd": 0, "attributes": {"occluded": false, "rotation": 0.0}}, {"id": 93, "image_id": 42, "category_id": 0, "segmentation": [], "area": 5127.625000000003, "bbox": [1022.41, 139.52, 118.75, 43.18], "iscrowd": 0, "attributes": {"occluded": false, "rotation": 0.0}}, {"id": 94, "image_id": 43, "category_id": 0, "segmentation": [], "area": 73305.67439999999, "bbox": [261.05, 0.0, 247.22, 296.52], "iscrowd": 0, "attributes": {"occluded": false, "rotation": 0.0}}, {"id": 95, "image_id": 43, "category_id": 0, "segmentation": [], "area": 38849.59320000002, "bbox": [829.43, 0.66, 164.04, 236.83], "iscrowd": 0, "attributes": {"occluded": false, "rotation": 0.0}}, {"id": 96, "image_id": 44, "category_id": 0, "segmentation": [], "area": 71734.6278, "bbox": [331.52, 0.66, 248.38, 288.81], "iscrowd": 0, "attributes": {"occluded": false, "rotation": 0.0}}, {"id": 97, "image_id": 44, "category_id": 0, "segmentation": [], "area": 54532.80800000004, "bbox": [929.93, 1.93, 207.95, 262.24], "iscrowd": 0, "attributes": {"occluded": false, "rotation": 0.0}}, {"id": 98, "image_id": 44, "category_id": 0, "segmentation": [], "area": 3683.6647999999973, "bbox": [798.24, 123.23, 106.28, 34.66], "iscrowd": 0, "attributes": {"occluded": false, "rotation": 0.0}}, {"id": 99, "image_id": 45, "category_id": 0, "segmentation": [], "area": 47409.77849999999, "bbox": [79.68, 0.0, 139.79, 339.15], "iscrowd": 0, "attributes": {"occluded": false, "rotation": 0.0}}, {"id": 100, "image_id": 45, "category_id": 0, "segmentation": [], "area": 33211.727999999996, "bbox": [735.86, 0.0, 139.78, 237.6], "iscrowd": 0, "attributes": {"occluded": false, "rotation": 0.0}}, {"id": 101, "image_id": 46, "category_id": 0, "segmentation": [], "area": 57698.64750000001, "bbox": [1.13, 1.93, 157.11, 367.25], "iscrowd": 0, "attributes": {"occluded": false, "rotation": 0.0}}, {"id": 102, "image_id": 46, "category_id": 0, "segmentation": [], "area": 30538.958100000018, "bbox": [704.66, 0.0, 135.17, 225.93], "iscrowd": 0, "attributes": {"occluded": false, "rotation": 0.0}}, {"id": 103, "image_id": 47, "category_id": 0, "segmentation": [], "area": 32376.9969, "bbox": [142.06, 0.0, 106.29, 304.61], "iscrowd": 0, "attributes": {"occluded": false, "rotation": 0.0}}, {"id": 104, "image_id": 47, "category_id": 0, "segmentation": [], "area": 50471.481000000014, "bbox": [657.3, 1.93, 220.65, 228.74], "iscrowd": 0, "attributes": {"occluded": false, "rotation": 0.0}}, {"id": 105, "image_id": 47, "category_id": 0, "segmentation": [], "area": 1195.0201999999942, "bbox": [1104.38, 189.08, 51.98, 22.99], "iscrowd": 0, "attributes": {"occluded": false, "rotation": 0.0}}, {"id": 106, "image_id": 47, "category_id": 0, "segmentation": [], "area": 290.78400000000136, "bbox": [666.54, 139.29, 20.8, 13.98], "iscrowd": 0, "attributes": {"occluded": false, "rotation": 0.0}}, {"id": 107, "image_id": 48, "category_id": 0, "segmentation": [], "area": 50172.678400000004, "bbox": [1.13, 0.0, 153.64, 326.56], "iscrowd": 0, "attributes": {"occluded": false, "rotation": 0.0}}, {"id": 108, "image_id": 48, "category_id": 0, "segmentation": [], "area": 53883.54710000001, "bbox": [614.56, 0.66, 237.97, 226.43], "iscrowd": 0, "attributes": {"occluded": false, "rotation": 0.0}}, {"id": 109, "image_id": 48, "category_id": 0, "segmentation": [], "area": 342.52159999999776, "bbox": [1095.13, 193.59, 19.64, 17.44], "iscrowd": 0, "attributes": {"occluded": false, "rotation": 0.0}}, {"id": 110, "image_id": 48, "category_id": 0, "segmentation": [], "area": 2584.385999999998, "bbox": [840.98, 274.57, 77.4, 33.39], "iscrowd": 0, "attributes": {"occluded": false, "rotation": 0.0}}, {"id": 111, "image_id": 48, "category_id": 0, "segmentation": [], "area": 5892.392799999998, "bbox": [927.62, 314.89, 137.48, 42.86], "iscrowd": 0, "attributes": {"occluded": false, "rotation": 0.0}}, {"id": 112, "image_id": 48, "category_id": 0, "segmentation": [], "area": 304.44649999999996, "bbox": [459.75, 147.49, 21.95, 13.87], "iscrowd": 0, "attributes": {"occluded": false, "rotation": 0.0}}, {"id": 113, "image_id": 49, "category_id": 0, "segmentation": [], "area": 32672.268899999995, "bbox": [743.94, 0.0, 129.39, 252.51], "iscrowd": 0, "attributes": {"occluded": false, "rotation": 0.0}}, {"id": 114, "image_id": 49, "category_id": 0, "segmentation": [], "area": 290.95490000000024, "bbox": [283.0, 157.89, 23.11, 12.59], "iscrowd": 0, "attributes": {"occluded": false, "rotation": 0.0}}, {"id": 115, "image_id": 49, "category_id": 0, "segmentation": [], "area": 952.9328000000004, "bbox": [940.33, 142.76, 48.52, 19.64], "iscrowd": 0, "attributes": {"occluded": false, "rotation": 0.0}}, {"id": 116, "image_id": 49, "category_id": 0, "segmentation": [], "area": 237.0418000000005, "bbox": [581.05, 142.76, 18.49, 12.82], "iscrowd": 0, "attributes": {"occluded": false, "rotation": 0.0}}, {"id": 117, "image_id": 49, "category_id": 0, "segmentation": [], "area": 70834.65479999999, "bbox": [2.28, 0.0, 203.32, 348.39], "iscrowd": 0, "attributes": {"occluded": false, "rotation": 0.0}}, {"id": 118, "image_id": 50, "category_id": 0, "segmentation": [], "area": 25950.2892, "bbox": [801.7, 0.0, 105.13, 246.84], "iscrowd": 0, "attributes": {"occluded": false, "rotation": 0.0}}, {"id": 119, "image_id": 50, "category_id": 0, "segmentation": [], "area": 66353.30559999999, "bbox": [2.28, 0.0, 182.53, 363.52], "iscrowd": 0, "attributes": {"occluded": false, "rotation": 0.0}}, {"id": 120, "image_id": 50, "category_id": 0, "segmentation": [], "area": 237.83760000000078, "bbox": [354.63, 157.89, 20.79, 11.44], "iscrowd": 0, "attributes": {"occluded": false, "rotation": 0.0}}, {"id": 121, "image_id": 50, "category_id": 0, "segmentation": [], "area": 785.1338000000004, "bbox": [752.03, 190.24, 42.74, 18.37], "iscrowd": 0, "attributes": {"occluded": false, "rotation": 0.0}}, {"id": 122, "image_id": 51, "category_id": 0, "segmentation": [], "area": 24368.860800000028, "bbox": [858.31, 0.66, 95.88, 254.16], "iscrowd": 0, "attributes": {"occluded": false, "rotation": 0.0}}, {"id": 123, "image_id": 51, "category_id": 0, "segmentation": [], "area": 274.5671999999996, "bbox": [224.09, 165.86, 19.64, 13.98], "iscrowd": 0, "attributes": {"occluded": false, "rotation": 0.0}}, {"id": 124, "image_id": 51, "category_id": 0, "segmentation": [], "area": 66822.988, "bbox": [0.0, 0.66, 172.1, 388.28], "iscrowd": 0, "attributes": {"occluded": false, "rotation": 0.0}}, {"id": 125, "image_id": 51, "category_id": 0, "segmentation": [], "area": 192.29599999999968, "bbox": [433.18, 149.8, 18.49, 10.4], "iscrowd": 0, "attributes": {"occluded": false, "rotation": 0.0}}, {"id": 126, "image_id": 51, "category_id": 0, "segmentation": [], "area": 601.5240000000005, "bbox": [641.13, 193.59, 32.34, 18.6], "iscrowd": 0, "attributes": {"occluded": false, "rotation": 0.0}}, {"id": 127, "image_id": 52, "category_id": 0, "segmentation": [], "area": 74092.05529999999, "bbox": [322.28, 0.0, 196.39, 377.27], "iscrowd": 0, "attributes": {"occluded": false, "rotation": 0.0}}, {"id": 128, "image_id": 52, "category_id": 0, "segmentation": [], "area": 1561.2597000000003, "bbox": [834.05, 133.52, 51.99, 30.03], "iscrowd": 0, "attributes": {"occluded": false, "rotation": 0.0}}, {"id": 129, "image_id": 52, "category_id": 0, "segmentation": [], "area": 50224.02239999997, "bbox": [953.04, 0.66, 194.08, 258.78], "iscrowd": 0, "attributes": {"occluded": false, "rotation": 0.0}}, {"id": 130, "image_id": 52, "category_id": 0, "segmentation": [], "area": 1115.4748000000004, "bbox": [36.94, 183.31, 48.52, 22.99], "iscrowd": 0, "attributes": {"occluded": false, "rotation": 0.0}}, {"id": 131, "image_id": 52, "category_id": 0, "segmentation": [], "area": 2844.7419000000004, "bbox": [1120.55, 152.12, 94.73, 30.03], "iscrowd": 0, "attributes": {"occluded": false, "rotation": 0.0}}, {"id": 132, "image_id": 53, "category_id": 0, "segmentation": [], "area": 38985.634600000005, "bbox": [873.33, 0.66, 151.33, 257.62], "iscrowd": 0, "attributes": {"occluded": false, "rotation": 0.0}}, {"id": 133, "image_id": 53, "category_id": 0, "segmentation": [], "area": 542.1634000000014, "bbox": [499.03, 146.22, 35.81, 15.14], "iscrowd": 0, "attributes": {"occluded": false, "rotation": 0.0}}, {"id": 134, "image_id": 53, "category_id": 0, "segmentation": [], "area": 1793.7844000000027, "bbox": [1029.28, 145.07, 73.94, 24.26], "iscrowd": 0, "attributes": {"occluded": false, "rotation": 0.0}}, {"id": 135, "image_id": 53, "category_id": 0, "segmentation": [], "area": 362.9599999999996, "bbox": [693.11, 141.6, 20.8, 17.45], "iscrowd": 0, "attributes": {"occluded": false, "rotation": 0.0}}, {"id": 136, "image_id": 53, "category_id": 0, "segmentation": [], "area": 305.67599999999976, "bbox": [447.05, 149.8, 24.26, 12.6], "iscrowd": 0, "attributes": {"occluded": false, "rotation": 0.0}}, {"id": 137, "image_id": 54, "category_id": 0, "segmentation": [], "area": 23405.452199999996, "bbox": [860.62, 0.66, 91.26, 256.47], "iscrowd": 0, "attributes": {"occluded": false, "rotation": 0.0}}, {"id": 138, "image_id": 54, "category_id": 0, "segmentation": [], "area": 274.5672000000002, "bbox": [224.09, 172.79, 19.64, 13.98], "iscrowd": 0, "attributes": {"occluded": false, "rotation": 0.0}}, {"id": 139, "image_id": 54, "category_id": 0, "segmentation": [], "area": 2113.349699999999, "bbox": [789.0, 132.48, 83.17, 25.41], "iscrowd": 0, "attributes": {"occluded": false, "rotation": 0.0}}, {"id": 140, "image_id": 55, "category_id": 0, "segmentation": [], "area": 275.3520000000004, "bbox": [299.18, 157.89, 18.48, 14.9], "iscrowd": 0, "attributes": {"occluded": false, "rotation": 0.0}}, {"id": 141, "image_id": 55, "category_id": 0, "segmentation": [], "area": 473.5551999999994, "bbox": [226.4, 159.05, 24.26, 19.52], "iscrowd": 0, "attributes": {"occluded": false, "rotation": 0.0}}, {"id": 142, "image_id": 55, "category_id": 0, "segmentation": [], "area": 46858.86000000002, "bbox": [943.8, 0.66, 177.9, 263.4], "iscrowd": 0, "attributes": {"occluded": false, "rotation": 0.0}}, {"id": 143, "image_id": 55, "category_id": 0, "segmentation": [], "area": 756.6693999999997, "bbox": [1156.36, 153.27, 24.26, 31.19], "iscrowd": 0, "attributes": {"occluded": false, "rotation": 0.0}}, {"id": 144, "image_id": 56, "category_id": 0, "segmentation": [], "area": 535.4181999999996, "bbox": [180.19, 163.55, 24.26, 22.07], "iscrowd": 0, "attributes": {"occluded": false, "rotation": 0.0}}, {"id": 145, "image_id": 56, "category_id": 0, "segmentation": [], "area": 417.51459999999935, "bbox": [318.82, 154.43, 24.26, 17.21], "iscrowd": 0, "attributes": {"occluded": false, "rotation": 0.0}}, {"id": 146, "image_id": 56, "category_id": 0, "segmentation": [], "area": 378.2687999999996, "bbox": [1.13, 189.08, 17.32, 21.84], "iscrowd": 0, "attributes": {"occluded": false, "rotation": 0.0}}, {"id": 147, "image_id": 56, "category_id": 0, "segmentation": [], "area": 613.8929999999991, "bbox": [229.86, 155.58, 25.42, 24.15], "iscrowd": 0, "attributes": {"occluded": false, "rotation": 0.0}}, {"id": 148, "image_id": 56, "category_id": 0, "segmentation": [], "area": 1407.6776999999993, "bbox": [1142.5, 156.74, 61.23, 22.99], "iscrowd": 0, "attributes": {"occluded": false, "rotation": 0.0}}, {"id": 149, "image_id": 56, "category_id": 0, "segmentation": [], "area": 42791.35840000004, "bbox": [943.8, 0.0, 160.58, 266.48], "iscrowd": 0, "attributes": {"occluded": false, "rotation": 0.0}}, {"id": 150, "image_id": 57, "category_id": 0, "segmentation": [], "area": 47923.618400000014, "bbox": [957.66, 0.0, 179.06, 267.64], "iscrowd": 0, "attributes": {"occluded": false, "rotation": 0.0}}, {"id": 151, "image_id": 57, "category_id": 0, "segmentation": [], "area": 564.6114000000002, "bbox": [653.83, 145.07, 34.66, 16.29], "iscrowd": 0, "attributes": {"occluded": false, "rotation": 0.0}}, {"id": 152, "image_id": 57, "category_id": 0, "segmentation": [], "area": 5134.783600000002, "bbox": [218.31, 97.82, 42.74, 120.14], "iscrowd": 0, "attributes": {"occluded": false, "rotation": 0.0}}, {"id": 153, "image_id": 57, "category_id": 0, "segmentation": [], "area": 979.4047999999992, "bbox": [292.25, 150.96, 47.36, 20.68], "iscrowd": 0, "attributes": {"occluded": false, "rotation": 0.0}}, {"id": 154, "image_id": 58, "category_id": 0, "segmentation": [], "area": 52166.763200000016, "bbox": [951.88, 0.0, 194.08, 268.79], "iscrowd": 0, "attributes": {"occluded": false, "rotation": 0.0}}, {"id": 155, "image_id": 58, "category_id": 0, "segmentation": [], "area": 532.5070000000015, "bbox": [957.66, 141.6, 21.95, 24.26], "iscrowd": 0, "attributes": {"occluded": false, "rotation": 0.0}}, {"id": 156, "image_id": 58, "category_id": 0, "segmentation": [], "area": 306.8610000000004, "bbox": [748.56, 146.22, 21.95, 13.98], "iscrowd": 0, "attributes": {"occluded": false, "rotation": 0.0}}, {"id": 157, "image_id": 58, "category_id": 0, "segmentation": [], "area": 805.7280000000002, "bbox": [243.73, 162.4, 46.2, 17.44], "iscrowd": 0, "attributes": {"occluded": false, "rotation": 0.0}}, {"id": 158, "image_id": 59, "category_id": 0, "segmentation": [], "area": 52347.01989999997, "bbox": [931.09, 0.66, 195.23, 268.13], "iscrowd": 0, "attributes": {"occluded": false, "rotation": 0.0}}, {"id": 159, "image_id": 59, "category_id": 0, "segmentation": [], "area": 507.0449999999957, "bbox": [1043.15, 145.07, 21.95, 23.1], "iscrowd": 0, "attributes": {"occluded": false, "rotation": 0.0}}, {"id": 160, "image_id": 59, "category_id": 0, "segmentation": [], "area": 371.44860000000045, "bbox": [718.53, 146.22, 26.57, 13.98], "iscrowd": 0, "attributes": {"occluded": false, "rotation": 0.0}}, {"id": 161, "image_id": 60, "category_id": 0, "segmentation": [], "area": 298.24929999999983, "bbox": [202.14, 159.05, 17.33, 17.21], "iscrowd": 0, "attributes": {"occluded": false, "rotation": 0.0}}, {"id": 162, "image_id": 60, "category_id": 0, "segmentation": [], "area": 56892.23479999998, "bbox": [947.26, 0.0, 212.57, 267.64], "iscrowd": 0, "attributes": {"occluded": false, "rotation": 0.0}}, {"id": 163, "image_id": 60, "category_id": 0, "segmentation": [], "area": 317.62499999999955, "bbox": [337.3, 160.2, 23.1, 13.75], "iscrowd": 0, "attributes": {"occluded": false, "rotation": 0.0}}, {"id": 164, "image_id": 60, "category_id": 0, "segmentation": [], "area": 615.3950000000002, "bbox": [249.5, 157.89, 33.5, 18.37], "iscrowd": 0, "attributes": {"occluded": false, "rotation": 0.0}}, {"id": 165, "image_id": 60, "category_id": 0, "segmentation": [], "area": 444.68780000000004, "bbox": [654.99, 141.6, 34.66, 12.83], "iscrowd": 0, "attributes": {"occluded": false, "rotation": 0.0}}, {"id": 166, "image_id": 60, "category_id": 0, "segmentation": [], "area": 338.2816000000005, "bbox": [291.09, 152.12, 17.33, 19.52], "iscrowd": 0, "attributes": {"occluded": false, "rotation": 0.0}}, {"id": 167, "image_id": 61, "category_id": 0, "segmentation": [], "area": 95.51960000000052, "bbox": [503.46, 149.48, 12.77, 7.48], "iscrowd": 0, "attributes": {"occluded": false, "rotation": 0.0}}, {"id": 168, "image_id": 61, "category_id": 0, "segmentation": [], "area": 287.9799999999994, "bbox": [814.46, 150.61, 30.8, 9.35], "iscrowd": 0, "attributes": {"occluded": false, "rotation": 0.0}}, {"id": 169, "image_id": 61, "category_id": 0, "segmentation": [], "area": 24357.497600000013, "bbox": [916.13, 0.0, 90.32, 269.68], "iscrowd": 0, "attributes": {"occluded": false, "rotation": 0.0}}, {"id": 170, "image_id": 61, "category_id": 0, "segmentation": [], "area": 1223.3843999999988, "bbox": [341.94, 150.97, 27.09, 45.16], "iscrowd": 0, "attributes": {"occluded": false, "rotation": 0.0}}, {"id": 171, "image_id": 61, "category_id": 0, "segmentation": [], "area": 3755.7095999999988, "bbox": [985.63, 149.53, 151.93, 24.72], "iscrowd": 0, "attributes": {"occluded": false, "rotation": 0.0}}, {"id": 172, "image_id": 61, "category_id": 0, "segmentation": [], "area": 559.0859999999991, "bbox": [1039.02, 159.21, 47.3, 11.82], "iscrowd": 0, "attributes": {"occluded": false, "rotation": 0.0}}, {"id": 173, "image_id": 61, "category_id": 0, "segmentation": [], "area": 126.87030000000001, "bbox": [485.06, 148.1, 18.63, 6.81], "iscrowd": 0, "attributes": {"occluded": false, "rotation": 0.0}}, {"id": 174, "image_id": 61, "category_id": 0, "segmentation": [], "area": 173.29000000000005, "bbox": [285.48, 158.13, 16.12, 10.75], "iscrowd": 0, "attributes": {"occluded": false, "rotation": 0.0}}, {"id": 175, "image_id": 61, "category_id": 0, "segmentation": [], "area": 65.33049999999994, "bbox": [192.76, 166.74, 6.77, 9.65], "iscrowd": 0, "attributes": {"occluded": false, "rotation": 0.0}}, {"id": 176, "image_id": 62, "category_id": 0, "segmentation": [], "area": 200.40200000000033, "bbox": [223.43, 174.79, 20.66, 9.7], "iscrowd": 0, "attributes": {"occluded": false, "rotation": 0.0}}, {"id": 177, "image_id": 62, "category_id": 0, "segmentation": [], "area": 396.8687999999995, "bbox": [77.83, 195.11, 27.87, 14.24], "iscrowd": 0, "attributes": {"occluded": false, "rotation": 0.0}}, {"id": 178, "image_id": 62, "category_id": 0, "segmentation": [], "area": 272.9888000000001, "bbox": [359.29, 151.4, 15.68, 17.41], "iscrowd": 0, "attributes": {"occluded": false, "rotation": 0.0}}, {"id": 179, "image_id": 62, "category_id": 0, "segmentation": [], "area": 48217.07330000004, "bbox": [997.55, 0.0, 191.33, 252.01], "iscrowd": 0, "attributes": {"occluded": false, "rotation": 0.0}}, {"id": 180, "image_id": 63, "category_id": 0, "segmentation": [], "area": 137.0880000000006, "bbox": [411.4, 147.76, 10.2, 13.44], "iscrowd": 0, "attributes": {"occluded": false, "rotation": 0.0}}, {"id": 181, "image_id": 63, "category_id": 0, "segmentation": [], "area": 252.00000000000017, "bbox": [431.38, 146.87, 16.8, 15.0], "iscrowd": 0, "attributes": {"occluded": false, "rotation": 0.0}}, {"id": 182, "image_id": 63, "category_id": 0, "segmentation": [], "area": 225.93000000000015, "bbox": [266.8, 159.76, 22.15, 10.2], "iscrowd": 0, "attributes": {"occluded": false, "rotation": 0.0}}, {"id": 183, "image_id": 63, "category_id": 0, "segmentation": [], "area": 218.01449999999943, "bbox": [492.74, 150.05, 19.91, 10.95], "iscrowd": 0, "attributes": {"occluded": false, "rotation": 0.0}}, {"id": 184, "image_id": 63, "category_id": 0, "segmentation": [], "area": 243.47060000000093, "bbox": [643.04, 135.37, 14.18, 17.17], "iscrowd": 0, "attributes": {"occluded": false, "rotation": 0.0}}, {"id": 185, "image_id": 63, "category_id": 0, "segmentation": [], "area": 408.78340000000014, "bbox": [1003.1, 151.79, 29.86, 13.69], "iscrowd": 0, "attributes": {"occluded": false, "rotation": 0.0}}, {"id": 186, "image_id": 63, "category_id": 0, "segmentation": [], "area": 56184.163199999995, "bbox": [987.21, 0.0, 211.76, 265.32], "iscrowd": 0, "attributes": {"occluded": false, "rotation": 0.0}}, {"id": 188, "image_id": 64, "category_id": 0, "segmentation": [], "area": 48523.31199999996, "bbox": [997.22, 0.0, 174.4, 278.23], "iscrowd": 0, "attributes": {"occluded": false, "rotation": 0.0}}, {"id": 189, "image_id": 64, "category_id": 0, "segmentation": [], "area": 275.5583999999989, "bbox": [782.1, 144.83, 24.96, 11.04], "iscrowd": 0, "attributes": {"occluded": false, "rotation": 0.0}}, {"id": 190, "image_id": 64, "category_id": 0, "segmentation": [], "area": 349.90539999999817, "bbox": [889.84, 134.84, 15.34, 22.81], "iscrowd": 0, "attributes": {"occluded": false, "rotation": 0.0}}, {"id": 191, "image_id": 64, "category_id": 0, "segmentation": [], "area": 210.6323999999998, "bbox": [972.64, 157.28, 23.64, 8.91], "iscrowd": 0, "attributes": {"occluded": false, "rotation": 0.0}}, {"id": 192, "image_id": 65, "category_id": 0, "segmentation": [], "area": 803.7599999999995, "bbox": [423.49, 135.05, 25.5, 31.52], "iscrowd": 0, "attributes": {"occluded": false, "rotation": 0.0}}, {"id": 193, "image_id": 65, "category_id": 0, "segmentation": [], "area": 55108.204800000036, "bbox": [939.04, 0.0, 201.36, 273.68], "iscrowd": 0, "attributes": {"occluded": false, "rotation": 0.0}}, {"id": 194, "image_id": 65, "category_id": 0, "segmentation": [], "area": 156.9488000000004, "bbox": [81.38, 182.89, 16.84, 9.32], "iscrowd": 0, "attributes": {"occluded": false, "rotation": 0.0}}, {"id": 195, "image_id": 66, "category_id": 0, "segmentation": [], "area": 207.03270000000077, "bbox": [570.63, 145.04, 22.19, 9.33], "iscrowd": 0, "attributes": {"occluded": false, "rotation": 0.0}}, {"id": 196, "image_id": 66, "category_id": 0, "segmentation": [], "area": 200.65920000000006, "bbox": [192.76, 166.81, 13.44, 14.93], "iscrowd": 0, "attributes": {"occluded": false, "rotation": 0.0}}, {"id": 197, "image_id": 66, "category_id": 0, "segmentation": [], "area": 53407.714499999995, "bbox": [1010.59, 0.0, 194.67, 274.35], "iscrowd": 0, "attributes": {"occluded": false, "rotation": 0.0}}, {"id": 198, "image_id": 66, "category_id": 0, "segmentation": [], "area": 326.5542, "bbox": [972.7, 157.69, 28.62, 11.41], "iscrowd": 0, "attributes": {"occluded": false, "rotation": 0.0}}, {"id": 199, "image_id": 66, "category_id": 0, "segmentation": [], "area": 305.65080000000034, "bbox": [695.46, 146.91, 32.76, 9.33], "iscrowd": 0, "attributes": {"occluded": false, "rotation": 0.0}}, {"id": 200, "image_id": 67, "category_id": 0, "segmentation": [], "area": 615.1160000000001, "bbox": [215.16, 151.47, 14.93, 41.2], "iscrowd": 0, "attributes": {"occluded": false, "rotation": 0.0}}, {"id": 201, "image_id": 67, "category_id": 0, "segmentation": [], "area": 107763.0928, "bbox": [572.2, 0.0, 326.12, 330.44], "iscrowd": 0, "attributes": {"occluded": false, "rotation": 0.0}}, {"id": 202, "image_id": 67, "category_id": 0, "segmentation": [], "area": 40739.39279999999, "bbox": [1003.6, 9.33, 166.91, 244.08], "iscrowd": 0, "attributes": {"occluded": false, "rotation": 0.0}}, {"id": 203, "image_id": 67, "category_id": 0, "segmentation": [], "area": 199.0439999999997, "bbox": [731.16, 135.01, 11.4, 17.46], "iscrowd": 0, "attributes": {"occluded": false, "rotation": 0.0}}, {"id": 204, "image_id": 68, "category_id": 0, "segmentation": [], "area": 242.9700000000014, "bbox": [1141.49, 159.34, 13.65, 17.8], "iscrowd": 0, "attributes": {"occluded": false, "rotation": 0.0}}, {"id": 205, "image_id": 68, "category_id": 0, "segmentation": [], "area": 36452.584999999985, "bbox": [970.19, 0.0, 151.57, 240.5], "iscrowd": 0, "attributes": {"occluded": false, "rotation": 0.0}}, {"id": 206, "image_id": 68, "category_id": 0, "segmentation": [], "area": 71931.38559999998, "bbox": [575.21, 0.0, 252.32, 285.08], "iscrowd": 0, "attributes": {"occluded": false, "rotation": 0.0}}, {"id": 207, "image_id": 68, "category_id": 0, "segmentation": [], "area": 26251.0236, "bbox": [58.79, 147.2, 230.03, 114.12], "iscrowd": 0, "attributes": {"occluded": false, "rotation": 0.0}}, {"id": 208, "image_id": 69, "category_id": 0, "segmentation": [], "area": 26388.842999999997, "bbox": [954.32, 14.17, 120.9, 218.27], "iscrowd": 0, "attributes": {"occluded": false, "rotation": 0.0}}, {"id": 209, "image_id": 69, "category_id": 0, "segmentation": [], "area": 65407.300000000025, "bbox": [573.42, 0.0, 227.9, 287.0], "iscrowd": 0, "attributes": {"occluded": false, "rotation": 0.0}}, {"id": 210, "image_id": 69, "category_id": 0, "segmentation": [], "area": 117.0554000000004, "bbox": [335.51, 157.2, 16.94, 6.91], "iscrowd": 0, "attributes": {"occluded": false, "rotation": 0.0}}, {"id": 211, "image_id": 69, "category_id": 0, "segmentation": [], "area": 180.4278, "bbox": [741.72, 148.21, 19.38, 9.31], "iscrowd": 0, "attributes": {"occluded": false, "rotation": 0.0}}, {"id": 212, "image_id": 70, "category_id": 0, "segmentation": [], "area": 2687.089999999997, "bbox": [949.4, 191.46, 83.45, 32.2], "iscrowd": 0, "attributes": {"occluded": false, "rotation": 0.0}}, {"id": 213, "image_id": 70, "category_id": 0, "segmentation": [], "area": 53138.52159999999, "bbox": [524.63, 0.0, 208.64, 254.69], "iscrowd": 0, "attributes": {"occluded": false, "rotation": 0.0}}, {"id": 214, "image_id": 71, "category_id": 0, "segmentation": [], "area": 37718.98050000003, "bbox": [972.8, 0.0, 145.65, 258.97], "iscrowd": 0, "attributes": {"occluded": false, "rotation": 0.0}}, {"id": 215, "image_id": 71, "category_id": 0, "segmentation": [], "area": 64514.32480000002, "bbox": [323.4, 0.0, 171.28, 376.66], "iscrowd": 0, "attributes": {"occluded": false, "rotation": 0.0}}, {"id": 216, "image_id": 72, "category_id": 0, "segmentation": [], "area": 63692.886000000006, "bbox": [213.18, 0.0, 180.92, 352.05], "iscrowd": 0, "attributes": {"occluded": false, "rotation": 0.0}}, {"id": 217, "image_id": 72, "category_id": 0, "segmentation": [], "area": 39689.476200000034, "bbox": [924.68, 6.36, 158.46, 250.47], "iscrowd": 0, "attributes": {"occluded": false, "rotation": 0.0}}, {"id": 218, "image_id": 73, "category_id": 0, "segmentation": [], "area": 40741.844000000005, "bbox": [345.96, 0.0, 148.72, 273.95], "iscrowd": 0, "attributes": {"occluded": false, "rotation": 0.0}}, {"id": 219, "image_id": 73, "category_id": 0, "segmentation": [], "area": 13175.477100000006, "bbox": [876.64, 51.3, 75.97, 173.43], "iscrowd": 0, "attributes": {"occluded": false, "rotation": 0.0}}, {"id": 220, "image_id": 74, "category_id": 0, "segmentation": [], "area": 74272.20899999999, "bbox": [282.83, 0.0, 226.82, 327.45], "iscrowd": 0, "attributes": {"occluded": false, "rotation": 0.0}}, {"id": 221, "image_id": 74, "category_id": 0, "segmentation": [], "area": 16492.830200000022, "bbox": [873.43, 44.88, 82.39, 200.18], "iscrowd": 0, "attributes": {"occluded": false, "rotation": 0.0}}, {"id": 223, "image_id": 75, "category_id": 0, "segmentation": [], "area": 12988.366199999993, "bbox": [852.03, 4.22, 57.78, 224.79], "iscrowd": 0, "attributes": {"occluded": false, "rotation": 0.0}}, {"id": 225, "image_id": 75, "category_id": 0, "segmentation": [], "area": 21481.812200000004, "bbox": [372.7, 0.0, 78.11, 275.02], "iscrowd": 0, "attributes": {"occluded": false, "rotation": 0.0}}, {"id": 226, "image_id": 76, "category_id": 0, "segmentation": [], "area": 70954.92050000001, "bbox": [383.4, 0.0, 211.85, 334.93], "iscrowd": 0, "attributes": {"occluded": false, "rotation": 0.0}}, {"id": 227, "image_id": 76, "category_id": 0, "segmentation": [], "area": 42365.24800000002, "bbox": [901.25, 0.0, 174.4, 242.92], "iscrowd": 0, "attributes": {"occluded": false, "rotation": 0.0}}, {"id": 228, "image_id": 76, "category_id": 0, "segmentation": [], "area": 561.7262000000013, "bbox": [803.66, 131.77, 21.07, 26.66], "iscrowd": 0, "attributes": {"occluded": false, "rotation": 0.0}}, {"id": 229, "image_id": 77, "category_id": 0, "segmentation": [], "area": 59005.20330000001, "bbox": [68.84, 0.0, 156.21, 377.73], "iscrowd": 0, "attributes": {"occluded": false, "rotation": 0.0}}, {"id": 230, "image_id": 77, "category_id": 0, "segmentation": [], "area": 223.63320000000004, "bbox": [224.92, 163.82, 20.22, 11.06], "iscrowd": 0, "attributes": {"occluded": false, "rotation": 0.0}}, {"id": 231, "image_id": 77, "category_id": 0, "segmentation": [], "area": 23535.035199999995, "bbox": [862.73, 0.0, 92.02, 255.76], "iscrowd": 0, "attributes": {"occluded": false, "rotation": 0.0}}, {"id": 232, "image_id": 78, "category_id": 0, "segmentation": [], "area": 61449.830400000006, "bbox": [269.2, 0.0, 157.92, 389.12], "iscrowd": 0, "attributes": {"occluded": false, "rotation": 0.0}}, {"id": 233, "image_id": 78, "category_id": 0, "segmentation": [], "area": 47306.13580000004, "bbox": [920.8, 0.0, 186.34, 253.87], "iscrowd": 0, "attributes": {"occluded": false, "rotation": 0.0}}, {"id": 234, "image_id": 78, "category_id": 0, "segmentation": [], "area": 1000.5687999999984, "bbox": [863.44, 141.07, 56.98, 17.56], "iscrowd": 0, "attributes": {"occluded": false, "rotation": 0.0}}, {"id": 235, "image_id": 78, "category_id": 0, "segmentation": [], "area": 169.9807999999996, "bbox": [735.49, 142.04, 17.56, 9.68], "iscrowd": 0, "attributes": {"occluded": false, "rotation": 0.0}}, {"id": 236, "image_id": 79, "category_id": 0, "segmentation": [], "area": 180.2774999999998, "bbox": [1163.0, 166.94, 16.77, 10.75], "iscrowd": 0, "attributes": {"occluded": false, "rotation": 0.0}}, {"id": 237, "image_id": 79, "category_id": 0, "segmentation": [], "area": 51564.08640000001, "bbox": [580.93, 0.0, 217.24, 237.36], "iscrowd": 0, "attributes": {"occluded": false, "rotation": 0.0}}, {"id": 238, "image_id": 79, "category_id": 0, "segmentation": [], "area": 129.51840000000033, "bbox": [187.88, 162.73, 8.92, 14.52], "iscrowd": 0, "attributes": {"occluded": false, "rotation": 0.0}}, {"id": 239, "image_id": 79, "category_id": 0, "segmentation": [], "area": 97.55199999999967, "bbox": [259.63, 157.75, 8.71, 11.2], "iscrowd": 0, "attributes": {"occluded": false, "rotation": 0.0}}, {"id": 240, "image_id": 80, "category_id": 0, "segmentation": [], "area": 202.98000000000013, "bbox": [767.03, 146.57, 20.4, 9.95], "iscrowd": 0, "attributes": {"occluded": false, "rotation": 0.0}}, {"id": 241, "image_id": 80, "category_id": 0, "segmentation": [], "area": 140.19519999999974, "bbox": [784.7, 152.04, 18.16, 7.72], "iscrowd": 0, "attributes": {"occluded": false, "rotation": 0.0}}, {"id": 242, "image_id": 80, "category_id": 0, "segmentation": [], "area": 1417.5140000000026, "bbox": [1056.81, 159.19, 69.35, 20.44], "iscrowd": 0, "attributes": {"occluded": false, "rotation": 0.0}}, {"id": 288, "image_id": 80, "category_id": 0, "segmentation": [], "area": 55357.215, "bbox": [535.47, 0.0, 222.9, 248.35], "iscrowd": 0, "attributes": {"occluded": false, "rotation": 0.0}}, {"id": 289, "image_id": 80, "category_id": 0, "segmentation": [], "area": 107.09999999999971, "bbox": [245.8, 164.0, 12.6, 8.5], "iscrowd": 0, "attributes": {"occluded": false, "rotation": 0.0}}, {"id": 290, "image_id": 80, "category_id": 0, "segmentation": [], "area": 201.40720000000005, "bbox": [72.37, 183.41, 18.58, 10.84], "iscrowd": 0, "attributes": {"occluded": false, "rotation": 0.0}}, {"id": 291, "image_id": 81, "category_id": 0, "segmentation": [], "area": 45717.51689999998, "bbox": [587.94, 4.51, 181.83, 251.43], "iscrowd": 0, "attributes": {"occluded": false, "rotation": 0.0}}, {"id": 292, "image_id": 82, "category_id": 0, "segmentation": [], "area": 33207.04, "bbox": [698.91, 2.23, 128.0, 259.43], "iscrowd": 0, "attributes": {"occluded": false, "rotation": 0.0}}, {"id": 293, "image_id": 83, "category_id": 0, "segmentation": [], "area": 12287.519999999999, "bbox": [1128.51, 122.23, 112.0, 109.71], "iscrowd": 0, "attributes": {"occluded": false, "rotation": 0.0}}, {"id": 246, "image_id": 83, "category_id": 0, "segmentation": [], "area": 1286.582199999999, "bbox": [202.0, 158.11, 49.37, 26.06], "iscrowd": 0, "attributes": {"occluded": false, "rotation": 0.0}}, {"id": 247, "image_id": 83, "category_id": 0, "segmentation": [], "area": 42719.25349999999, "bbox": [602.91, 0.0, 161.15, 265.09], "iscrowd": 0, "attributes": {"occluded": false, "rotation": 0.0}}, {"id": 248, "image_id": 84, "category_id": 0, "segmentation": [], "area": 9628.320000000002, "bbox": [1138.91, 132.51, 104.0, 92.58], "iscrowd": 0, "attributes": {"occluded": false, "rotation": 0.0}}, {"id": 249, "image_id": 84, "category_id": 0, "segmentation": [], "area": 893.7893999999972, "bbox": [1082.91, 156.51, 43.43, 20.58], "iscrowd": 0, "attributes": {"occluded": false, "rotation": 0.0}}, {"id": 250, "image_id": 84, "category_id": 0, "segmentation": [], "area": 63646.491599999994, "bbox": [521.77, 0.0, 241.14, 263.94], "iscrowd": 0, "attributes": {"occluded": false, "rotation": 0.0}}, {"id": 251, "image_id": 85, "category_id": 0, "segmentation": [], "area": 41686.29340000002, "bbox": [642.91, 0.0, 156.58, 266.23], "iscrowd": 0, "attributes": {"occluded": false, "rotation": 0.0}}, {"id": 252, "image_id": 85, "category_id": 0, "segmentation": [], "area": 7168.308799999998, "bbox": [1131.9, 157.66, 95.02, 75.44], "iscrowd": 0, "attributes": {"occluded": false, "rotation": 0.0}}, {"id": 253, "image_id": 86, "category_id": 0, "segmentation": [], "area": 70278.20450000002, "bbox": [493.09, 0.0, 262.85, 267.37], "iscrowd": 0, "attributes": {"occluded": false, "rotation": 0.0}}, {"id": 254, "image_id": 86, "category_id": 0, "segmentation": [], "area": 2464.3099999999936, "bbox": [1042.9, 150.8, 93.7, 26.3], "iscrowd": 0, "attributes": {"occluded": false, "rotation": 0.0}}, {"id": 255, "image_id": 87, "category_id": 0, "segmentation": [], "area": 58481.3502, "bbox": [510.34, 3.37, 227.43, 257.14], "iscrowd": 0, "attributes": {"occluded": false, "rotation": 0.0}}, {"id": 256, "image_id": 87, "category_id": 0, "segmentation": [], "area": 1265.4759000000008, "bbox": [448.51, 146.23, 58.29, 21.71], "iscrowd": 0, "attributes": {"occluded": false, "rotation": 0.0}}, {"id": 257, "image_id": 87, "category_id": 0, "segmentation": [], "area": 1227.8106000000016, "bbox": [1101.2, 162.23, 53.71, 22.86], "iscrowd": 0, "attributes": {"occluded": false, "rotation": 0.0}}, {"id": 258, "image_id": 88, "category_id": 0, "segmentation": [], "area": 49000.70669999999, "bbox": [592.51, 0.0, 202.29, 242.23], "iscrowd": 0, "attributes": {"occluded": false, "rotation": 0.0}}, {"id": 259, "image_id": 88, "category_id": 0, "segmentation": [], "area": 40230.4, "bbox": [1.77, 4.51, 125.72, 320.0], "iscrowd": 0, "attributes": {"occluded": false, "rotation": 0.0}}, {"id": 260, "image_id": 89, "category_id": 0, "segmentation": [], "area": 5050.245599999999, "bbox": [1.77, 204.51, 43.32, 116.58], "iscrowd": 0, "attributes": {"occluded": false, "rotation": 0.0}}, {"id": 261, "image_id": 89, "category_id": 0, "segmentation": [], "area": 45736.1672, "bbox": [641.77, 1.09, 182.74, 250.28], "iscrowd": 0, "attributes": {"occluded": false, "rotation": 0.0}}, {"id": 262, "image_id": 90, "category_id": 0, "segmentation": [], "area": 40648.31999999999, "bbox": [6.57, 4.29, 144.0, 282.28], "iscrowd": 0, "attributes": {"occluded": false, "rotation": 0.0}}, {"id": 263, "image_id": 90, "category_id": 0, "segmentation": [], "area": 685.5999999999995, "bbox": [826.91, 153.09, 40.0, 17.14], "iscrowd": 0, "attributes": {"occluded": false, "rotation": 0.0}}, {"id": 264, "image_id": 90, "category_id": 0, "segmentation": [], "area": 31032.039199999996, "bbox": [685.2, 2.23, 137.14, 226.28], "iscrowd": 0, "attributes": {"occluded": false, "rotation": 0.0}}, {"id": 265, "image_id": 91, "category_id": 0, "segmentation": [], "area": 48150.7272, "bbox": [673.77, 1.09, 198.74, 242.28], "iscrowd": 0, "attributes": {"occluded": false, "rotation": 0.0}}, {"id": 266, "image_id": 91, "category_id": 0, "segmentation": [], "area": 20629.62, "bbox": [0.0, 79.94, 82.8, 249.15], "iscrowd": 0, "attributes": {"occluded": false, "rotation": 0.0}}, {"id": 267, "image_id": 91, "category_id": 0, "segmentation": [], "area": 3350.4701999999966, "bbox": [1009.77, 142.8, 108.57, 30.86], "iscrowd": 0, "attributes": {"occluded": false, "rotation": 0.0}}, {"id": 268, "image_id": 91, "category_id": 0, "segmentation": [], "area": 10459.680000000011, "bbox": [1126.34, 133.66, 118.86, 88.0], "iscrowd": 0, "attributes": {"occluded": false, "rotation": 0.0}}, {"id": 269, "image_id": 92, "category_id": 0, "segmentation": [], "area": 23835.68, "bbox": [769.77, 4.51, 102.74, 232.0], "iscrowd": 0, "attributes": {"occluded": false, "rotation": 0.0}}, {"id": 270, "image_id": 92, "category_id": 0, "segmentation": [], "area": 66741.19200000001, "bbox": [73.77, 0.0, 214.74, 310.8], "iscrowd": 0, "attributes": {"occluded": false, "rotation": 0.0}}, {"id": 271, "image_id": 93, "category_id": 0, "segmentation": [], "area": 31581.516900000017, "bbox": [697.77, 1.09, 138.17, 228.57], "iscrowd": 0, "attributes": {"occluded": false, "rotation": 0.0}}, {"id": 272, "image_id": 93, "category_id": 0, "segmentation": [], "area": 35449.119999999995, "bbox": [1.77, 0.0, 112.0, 316.51], "iscrowd": 0, "attributes": {"occluded": false, "rotation": 0.0}}, {"id": 273, "image_id": 94, "category_id": 0, "segmentation": [], "area": 51712.64, "bbox": [626.91, 1.09, 230.86, 224.0], "iscrowd": 0, "attributes": {"occluded": false, "rotation": 0.0}}, {"id": 274, "image_id": 94, "category_id": 0, "segmentation": [], "area": 18746.5992, "bbox": [0.51, 76.51, 78.86, 237.72], "iscrowd": 0, "attributes": {"occluded": false, "rotation": 0.0}}, {"id": 275, "image_id": 95, "category_id": 0, "segmentation": [], "area": 959.8399999999998, "bbox": [506.91, 133.66, 56.0, 17.14], "iscrowd": 0, "attributes": {"occluded": false, "rotation": 0.0}}, {"id": 276, "image_id": 95, "category_id": 0, "segmentation": [], "area": 917.609300000001, "bbox": [817.77, 139.37, 50.17, 18.29], "iscrowd": 0, "attributes": {"occluded": false, "rotation": 0.0}}, {"id": 277, "image_id": 95, "category_id": 0, "segmentation": [], "area": 48359.56219999999, "bbox": [590.34, 0.0, 218.17, 221.66], "iscrowd": 0, "attributes": {"occluded": false, "rotation": 0.0}}, {"id": 278, "image_id": 96, "category_id": 0, "segmentation": [], "area": 44052.01600000001, "bbox": [610.91, 0.0, 197.72, 222.8], "iscrowd": 0, "attributes": {"occluded": false, "rotation": 0.0}}, {"id": 279, "image_id": 96, "category_id": 0, "segmentation": [], "area": 60065.6562, "bbox": [2.91, 0.0, 202.18, 297.09], "iscrowd": 0, "attributes": {"occluded": false, "rotation": 0.0}}, {"id": 280, "image_id": 97, "category_id": 0, "segmentation": [], "area": 36025.368, "bbox": [694.34, 0.0, 150.86, 238.8], "iscrowd": 0, "attributes": {"occluded": false, "rotation": 0.0}}, {"id": 281, "image_id": 98, "category_id": 0, "segmentation": [], "area": 48107.064499999986, "bbox": [287.37, 100.51, 331.43, 145.15], "iscrowd": 0, "attributes": {"occluded": false, "rotation": 0.0}}, {"id": 282, "image_id": 98, "category_id": 0, "segmentation": [], "area": 38995.71909999996, "bbox": [941.2, 0.0, 138.17, 282.23], "iscrowd": 0, "attributes": {"occluded": false, "rotation": 0.0}}, {"id": 283, "image_id": 98, "category_id": 0, "segmentation": [], "area": 88808.07, "bbox": [2.92, 0.0, 223.98, 396.5], "iscrowd": 0, "attributes": {"occluded": false, "rotation": 0.0}}, {"id": 284, "image_id": 99, "category_id": 0, "segmentation": [], "area": 13858.0036, "bbox": [0.0, 165.66, 55.37, 250.28], "iscrowd": 0, "attributes": {"occluded": false, "rotation": 0.0}}, {"id": 285, "image_id": 99, "category_id": 0, "segmentation": [], "area": 34195.84000000001, "bbox": [833.77, 7.94, 125.72, 272.0], "iscrowd": 0, "attributes": {"occluded": false, "rotation": 0.0}}, {"id": 286, "image_id": 100, "category_id": 0, "segmentation": [], "area": 57540.396, "bbox": [0.0, 2.23, 122.8, 468.57], "iscrowd": 0, "attributes": {"occluded": false, "rotation": 0.0}}, {"id": 287, "image_id": 100, "category_id": 0, "segmentation": [], "area": 48195.830200000026, "bbox": [945.77, 1.09, 171.43, 281.14], "iscrowd": 0, "attributes": {"occluded": false, "rotation": 0.0}}]}